Product Name,Price ,Product Label Image Description,Rate (out of 5),Sale,Age of Customer (Mode),image_path,idx,mean_r,mean_g,mean_b,std_r,std_g,std_b,aspect_ratio,white_pct,logo_score,text_pct,text_cnts,edge_density,hog_mean,color_feat_0,color_feat_1,color_feat_2,color_feat_3,color_feat_4,color_feat_5,color_feat_6,color_feat_7,color_feat_8,color_feat_9,color_feat_10,color_feat_11,color_feat_12,color_feat_13,color_feat_14,color_feat_15,color_feat_16,color_feat_17,color_feat_18,color_feat_19,color_feat_20,color_feat_21,color_feat_22,color_feat_23,lbp_0,lbp_1,lbp_2,lbp_3,lbp_4,lbp_5,lbp_6,lbp_7,lbp_8,lbp_9,lbp_10,lbp_11,lbp_12,lbp_13,lbp_14,lbp_15,emb_0,emb_1,emb_2,emb_3,emb_4,emb_5,emb_6,emb_7,emb_8,emb_9,emb_10,emb_11,emb_12,emb_13,emb_14,emb_15,emb_16,emb_17,emb_18,emb_19,emb_20,emb_21,emb_22,emb_23,emb_24,emb_25,emb_26,emb_27,emb_28,emb_29,emb_30,emb_31,emb_32,emb_33,emb_34,emb_35,emb_36,emb_37,emb_38,emb_39,emb_40,emb_41,emb_42,emb_43,emb_44,emb_45,emb_46,emb_47,emb_48,emb_49,emb_50,emb_51,emb_52,emb_53,emb_54,emb_55,emb_56,emb_57,emb_58,emb_59,emb_60,emb_61,emb_62,emb_63,HighSale
Core Power Elite Shake (Chocolate),3.99,Black bottle with a gold lightning bolt graphic and bold white text.,4.6,98500,28,/Users/mohini.gangaram/Desktop/MLPostGrad/Sem3/MainProject/ProteinProductImages/1.jpeg,0,86.00821109693878,73.72530691964286,71.46346859056122,61.94646534756829,62.9572202795289,62.97615385998847,1.0,0.028838488520408163,46.95362324617347,0.42191485969387754,174,0.583625637755102,0.29293369216222465,56.0,42.0,40.0,230.0,222.0,220.0,147.0,137.0,135.0,0.7768,0.1052,0.118,0.024664514243197277,0.001309390943877551,0.0004730017006802721,0.00010031356292517006,9.234162414965987e-05,0.00013751594387755102,0.00027370323129251696,0.0008330676020408162,0.0007254464285714286,0.00015279549319727892,0.0003985969387755102,0.004172645620748299,0.06425382653061225,0.0233577806122449,0.0017139668367346938,0.0036870216836734694,0.02072704081632653,0.0020527742346938774,0.0038066007653061226,0.014628507653061224,0.001753826530612245,0.0006377551020408163,0.0003587372448979592,0.0003985969387755102,0.0027901785714285715,0.000817123724489796,0.010024713010204082,0.013392857142857142,0.07700461149215698,1.2486413717269897,0.497290700674057,0.16118961572647095,0.12107967585325241,1.1743431091308594,1.2560160160064697,0.004553481005132198,0.22214487195014954,1.4423961639404297,0.1410219371318817,0.4365006983280182,0.011801669374108315,0.0839218869805336,0.9307754635810852,0.005714372266083956,0.02267478033900261,0.7648642659187317,0.26951003074645996,0.11881230026483536,1.3592320680618286,0.11879294365644455,0.4011947810649872,0.4356616139411926,0.27128103375434875,0.17844641208648682,0.3608796000480652,0.4543209373950958,0.09425950795412064,1.2359066009521484,0.16996975243091583,0.0,0.24505895376205444,1.0031485557556152,0.0,2.262270450592041,0.5647765398025513,0.06019744277000427,0.2963292598724365,0.8332980275154114,0.018193751573562622,0.06921011954545975,0.0,0.37006711959838867,0.020641198381781578,0.0,0.5068132281303406,0.6436729431152344,0.0,0.23284560441970825,0.15257848799228668,0.7304303646087646,2.027925968170166,1.3655202388763428,0.0,3.7786223888397217,0.4439166188240051,1.5631461143493652,0.11502686142921448,0.6781564950942993,0.31781935691833496,0.021634569391608238,0.7929725050926208,0.11472515016794205,1
Quest Protein Bar (Cookies & Cream),2.59,White wrapper with blue text and a picture of the bar with visible chunks.,4.4,125000,25,/Users/mohini.gangaram/Desktop/MLPostGrad/Sem3/MainProject/ProteinProductImages/2.jpeg,1,193.42376296296297,211.47668148148148,219.16481975308642,75.57071168420602,62.020592473908174,60.870464161927515,1.0,0.5099851851851852,36.76533333333333,0.25896296296296295,135,0.4431604938271605,0.20786860377828523,119.0,183.0,211.0,247.0,249.0,249.0,67.0,62.0,65.0,0.2818,0.61,0.1082,0.017627654320987653,0.0006854320987654322,0.0006841152263374486,0.00013102880658436215,0.00011983539094650205,0.000211358024691358,0.010561975308641976,0.00036411522633744855,0.00020148148148148147,8.493827160493827e-05,0.00113119341563786,0.0015302057613168724,0.04750617283950617,0.01517037037037037,0.0010864197530864198,0.002508641975308642,0.013471604938271604,0.0015407407407407407,0.002903703703703704,0.0055703703703703705,0.0009481481481481482,0.0002567901234567901,0.00017777777777777779,0.00023703703703703704,0.0027061728395061727,0.0003950617283950617,0.010409876543209877,0.009165432098765433,0.03567848727107048,0.11234350502490997,1.2933701276779175,0.05855008587241173,0.04138784110546112,0.0,0.8180806636810303,0.4498216211795807,0.0,1.6260310411453247,0.5688114762306213,1.0663186311721802,0.20317275822162628,0.3666456937789917,0.0667654424905777,0.5878921747207642,0.07207197695970535,0.09508197009563446,0.07858546823263168,0.04964413866400719,0.18253010511398315,0.24999845027923584,0.0067612770944833755,0.13507728278636932,0.2677687108516693,1.671932339668274,0.49240946769714355,1.2352465391159058,0.007755378261208534,1.6533536911010742,0.0012104243505746126,0.7756683826446533,0.0833071693778038,0.09671986103057861,0.21249404549598694,0.0725645124912262,0.024440497159957886,0.0,0.0023521841503679752,0.856423020362854,0.4830273687839508,0.15326692163944244,1.9055533409118652,0.3422608971595764,0.22779764235019684,0.22528189420700073,1.3459908962249756,0.9731594920158386,0.03560406342148781,0.2813901901245117,1.3396486043930054,0.3669605553150177,2.1095902919769287,0.017423827201128006,1.5632380247116089,0.41003212332725525,0.298790842294693,0.515423059463501,0.04434136301279068,2.239555835723877,0.06414557248353958,0.06297335028648376,1.234755277633667,1.171670913696289,1
Premier Protein Shake (Vanilla),3.49,Silver carton with green and purple swooshes.,4.7,155000,45,/Users/mohini.gangaram/Desktop/MLPostGrad/Sem3/MainProject/ProteinProductImages/3.jpeg,2,155.85027160493829,170.16055308641975,195.5411160493827,46.518326999579536,54.10120283905308,59.87472067690297,1.0,0.022676543209876544,29.58251851851852,0.2023111111111111,571,0.3998024691358025,0.27886383597042114,138.0,176.0,211.0,141.0,51.0,59.0,208.0,216.0,227.0,0.6238,0.1312,0.245,0.0023591769547325102,0.002315061728395062,0.00018238683127572015,0.00011917695473251028,0.00018238683127572015,0.00023176954732510285,0.016104032921810698,0.008354897119341563,0.0005978600823045268,0.00023176954732510285,0.0004042798353909465,0.002250534979423868,0.05266172839506173,0.017323456790123457,0.0014419753086419753,0.0026074074074074072,0.013412345679012345,0.0016395061728395062,0.003180246913580247,0.01888395061728395,0.0012641975308641975,0.0007111111111111111,0.0001382716049382716,0.00035555555555555557,0.0031012345679012347,0.0009481481481481482,0.00428641975308642,0.010014814814814815,0.408011794090271,0.752000093460083,0.2863210439682007,0.03493441268801689,0.4459887146949768,0.6550469398498535,0.0,0.20301584899425507,0.0,0.9318567514419556,0.03797676041722298,0.3104732632637024,0.42551904916763306,0.10912968218326569,0.0,1.471238136291504,0.04437589645385742,0.09600494056940079,0.3788904547691345,0.4238346517086029,0.0,0.5280977487564087,0.0,0.0019962447695434093,0.21663933992385864,0.1435249298810959,0.12170225381851196,0.8673758506774902,0.08697915822267532,1.4335737228393555,0.4104647636413574,0.35016846656799316,0.0,0.3067046105861664,0.1107097864151001,0.8177431225776672,0.3781435191631317,0.03538200259208679,0.2999206781387329,0.0,0.10068362951278687,0.04441244155168533,0.0,0.025433335453271866,0.09391763061285019,0.4814155101776123,0.0938289538025856,2.8762688636779785,0.0,0.0,0.08258412778377533,0.08347219228744507,0.46027153730392456,0.0,0.09282608330249786,0.304367333650589,0.02116239257156849,0.11984743177890778,0.8197711110115051,0.2241496443748474,0.490970253944397,0.11598032712936401,0.7024010419845581,0.048160891979932785,1
RXBAR (Chocolate Sea Salt),2.79,Minimalist brown wrapper listing 3-4 key ingredients in large font.,4.5,88000,32,/Users/mohini.gangaram/Desktop/MLPostGrad/Sem3/MainProject/ProteinProductImages/4.jpeg,3,127.6698074074074,128.10506666666666,129.60886913580248,104.62015786697637,104.07311182740719,102.82723127032618,1.0,0.3803061728395062,21.669333333333334,0.27182222222222224,16,0.3185975308641975,0.1885330450943379,253.0,253.0,253.0,36.0,37.0,40.0,123.0,118.0,118.0,0.4092,0.5394,0.0514,0.013867983539094651,0.0004516872427983539,0.00018699588477366256,2.962962962962963e-05,6.518518518518519e-05,0.00024757201646090533,0.0032546502057613173,0.012796049382716048,0.0014669958847736626,0.00010798353909465021,0.00019489711934156379,0.0006637037037037037,0.031209876543209877,0.007762962962962963,0.0009481481481481482,0.0016592592592592592,0.0076049382716049385,0.0012444444444444445,0.0017185185185185185,0.004069135802469136,0.0011061728395061728,0.0003160493827160494,0.0012641975308641975,9.876543209876543e-05,0.0013037037037037036,0.0002962962962962963,0.005076543209876543,0.0043061728395061725,0.0,0.4899963140487671,0.0,0.0,0.168784499168396,0.0,0.04737601429224014,0.01634468510746956,0.08217445760965347,1.507274866104126,0.39511948823928833,0.5600125193595886,0.7251560688018799,0.0,0.14427568018436432,0.5921435952186584,0.0,0.02780112624168396,0.21330739557743073,0.0,0.06998807191848755,0.20636729896068573,0.007384079042822123,0.12880687415599823,0.26987168192863464,0.0,0.05974826216697693,0.34615960717201233,0.13663877546787262,0.01825287565588951,0.0,0.0,0.1962256133556366,0.8587918281555176,0.011052925139665604,0.36914706230163574,0.12381070852279663,0.01960054785013199,0.045824386179447174,0.7821213006973267,0.11552345752716064,0.3073922097682953,0.12636688351631165,0.01940118335187435,0.04244188219308853,0.0,0.0,0.03645056113600731,0.4067516028881073,0.0040112026035785675,0.13989606499671936,1.2629029750823975,3.7338063716888428,0.36083701252937317,0.06817620247602463,0.07509776204824448,0.25933587551116943,0.2298404574394226,0.23767846822738647,1.2112772464752197,0.0,0.00027951900847256184,0.0846746563911438,0.005490631330758333,1
Optimum Nutrition Gold Standard Shake (Strawberry),4.19,"Bright red, glossy bottle with a reflective gold logo.",4.3,62000,22,/Users/mohini.gangaram/Desktop/MLPostGrad/Sem3/MainProject/ProteinProductImages/5.jpeg,4,138.7487209876543,100.40764444444444,96.14623209876544,95.90306901508562,91.0412068354561,79.47161138528205,1.0,0.13112098765432098,43.93807407407407,0.3635753086419753,247,0.4816592592592593,0.27928249495718727,205.0,62.0,75.0,236.0,224.0,203.0,38.0,32.0,31.0,0.2166,0.3158,0.4676,0.012678189300411523,0.01070156378600823,0.0013767901234567903,0.00012707818930041153,0.0002673251028806584,5.925925925925926e-05,2.6337448559670783e-06,1.3168724279835392e-06,1.3168724279835392e-06,0.00014288065843621399,0.0008717695473251029,0.0071032098765432105,0.06870123456790124,0.021471604938271605,0.001145679012345679,0.004720987654320987,0.01368888888888889,0.0016790123456790125,0.004266666666666667,0.01548641975308642,0.0013234567901234569,0.0005333333333333334,0.0003950617283950617,0.0004148148148148148,0.003930864197530864,0.0005333333333333334,0.013925925925925927,0.012977777777777777,0.10710429400205612,0.09243480861186981,0.026860104873776436,0.0,0.1071857139468193,0.0012915036641061306,0.09802429378032684,0.0,0.06564217805862427,2.039294719696045,0.5523623824119568,0.08754489570856094,0.7181512713432312,0.0,0.024552108719944954,0.6700043082237244,0.0,0.0,0.3224182426929474,0.0,0.0016407796647399664,0.11954939365386963,0.0,0.027112357318401337,0.13137918710708618,0.11154540628194809,0.6958568096160889,0.33026301860809326,0.07182502001523972,0.007953544147312641,0.09152189642190933,0.0,0.04165611416101456,0.10543891042470932,0.0,0.001874590408988297,0.0,0.07223005592823029,0.5918838977813721,0.0,0.09527520835399628,0.07955316454172134,0.023129219189286232,0.03256981074810028,0.6422961354255676,0.004290040582418442,0.0,0.0,0.0,0.0,0.14838849008083344,0.5121146440505981,0.7109323740005493,1.53496253490448,0.054013416171073914,0.0,0.0757303386926651,0.9633188247680664,0.006973806768655777,0.1238737478852272,0.17995288968086243,0.08664470911026001,0.21210865676403046,0.04994294047355652,0
Pure Protein Bar (Chewy Chocolate Chip),1.99,Blue and white wrapper with a large product window showing the bar.,4.2,105000,38,/Users/mohini.gangaram/Desktop/MLPostGrad/Sem3/MainProject/ProteinProductImages/6.jpeg,5,83.48656746031746,94.43880952380952,145.504126984127,69.98744684864761,45.95999798145972,46.49690532917458,0.5079365079365079,0.009285714285714286,35.38125,0.3608531746031746,167,0.5054166666666666,0.28916675519480134,37.0,71.0,137.0,159.0,90.0,122.0,28.0,134.0,193.0,0.362,0.3952,0.2428,0.003242724867724868,0.0011514550264550263,1.2566137566137565e-05,4.6296296296296296e-06,9.259259259259259e-06,2.7116402116402116e-05,0.009649470899470899,0.01063888888888889,8.862433862433862e-05,0.00026587301587301587,0.007761243386243386,0.00048148148148148144,0.050793650793650794,0.015952380952380954,0.0016865079365079366,0.0054365079365079364,0.015793650793650794,0.0017261904761904762,0.005456349206349206,0.010992063492063492,0.0017063492063492064,0.0005555555555555556,0.00029761904761904765,0.00021825396825396825,0.005813492063492063,0.0005357142857142857,0.01265873015873016,0.014126984126984127,0.03454060107469559,0.0,1.2909672260284424,0.07091476768255234,0.20618532598018646,0.5737590193748474,0.1600123941898346,0.0,0.0,1.7505803108215332,0.6418365836143494,1.1964727640151978,1.1838170289993286,0.6949487924575806,0.04638312757015228,0.26693195104599,0.048051051795482635,0.0,0.1439998745918274,0.05532345920801163,0.0,1.2192572355270386,0.1186455488204956,0.3314976096153259,1.9146579504013062,0.5286350846290588,0.06160491704940796,1.7469326257705688,0.0,2.631913185119629,0.11060623079538345,0.0,0.0,0.2180788218975067,0.0,0.10075152665376663,0.13445737957954407,0.030963264405727386,0.03643614426255226,0.0,0.15494948625564575,0.7317861318588257,0.3440603017807007,0.14394599199295044,0.13719914853572845,0.3539023995399475,0.931250810623169,0.079465351998806,0.5558821558952332,0.3021133840084076,0.03516100347042084,0.8421558737754822,0.8353927731513977,0.025798432528972626,0.04257340356707573,0.8996004462242126,0.07056790590286255,0.0,0.45390620827674866,0.24198177456855774,0.0,0.0,0.19376038014888763,0.0,1
Fairlife Nutrition Plan Shake (Caramel),3.59,"Simple, white bottle with a distinctive blue, cow-themed logo.",4.8,79000,51,/Users/mohini.gangaram/Desktop/MLPostGrad/Sem3/MainProject/ProteinProductImages/7.jpeg,6,219.5304403115562,203.27201557780958,196.96671832776983,36.986517154617225,52.420449018837935,63.963598258584895,0.927038626609442,0.3287037037037037,32.3816762041011,0.28002304879987283,83,0.516591161977428,0.2553742978827502,178.0,101.0,66.0,205.0,195.0,193.0,250.0,251.0,250.0,0.14,0.4784,0.3816,0.022187119164944633,0.0007769035129550152,0.000546415514226673,0.00018677475759020824,0.00020333280347586497,0.0031327822815662583,0.0007411381338419964,0.0019664335293805967,0.001736607852487681,0.0002900969639167064,0.0003636146876490224,0.0012021141312986807,0.049892703862660946,0.01732633921475123,0.0013113972341440153,0.0036560165315530123,0.016253377841360675,0.001609442060085837,0.00357653791130186,0.011444921316165951,0.001271657924018439,0.0003775234461929741,0.00027817517087903355,0.0002185662056906692,0.003973931012557622,0.0005166110316324908,0.008345255126371007,0.01462406612621205,0.23130768537521362,1.612384557723999,0.10186223685741425,0.035270340740680695,0.09848547726869583,0.05212365463376045,0.2625442445278168,0.16851043701171875,0.0,2.178790330886841,1.2193422317504883,1.4440416097640991,0.31058791279792786,0.09388501197099686,0.055199235677719116,0.9320170879364014,0.0,0.2972668409347534,0.03923783823847771,0.13525305688381195,0.014058392494916916,0.15868940949440002,0.282823771238327,0.17579218745231628,0.06157930567860603,0.4759599268436432,0.0,0.9415809512138367,0.510625958442688,0.5123237371444702,0.28904104232788086,0.14909447729587555,0.11927963048219681,1.3806025981903076,0.4672519266605377,1.0746948719024658,0.1093912199139595,0.0,0.07199106365442276,0.5460830926895142,0.19731000065803528,0.08674099296331406,0.0013095675967633724,0.017210928723216057,2.790757894515991,0.05776718258857727,0.006736298091709614,2.936965227127075,0.0,1.0030235052108765,0.7029617428779602,0.0520450733602047,0.07976680994033813,0.0,0.0,1.6230617761611938,0.005437235347926617,7.315933704376221,0.5275740623474121,0.9861903190612793,0.06542301923036575,0.017427958548069,0.4783678650856018,0.003199402242898941,1
Think! Protein Bar (Brownie Crunch),2.29,"Orange and brown wrapper with a motivational ""think!"" logo.",4.0,55000,29,/Users/mohini.gangaram/Desktop/MLPostGrad/Sem3/MainProject/ProteinProductImages/8.jpeg,7,180.8042632581772,176.2771316290886,177.28542791362338,79.92026428450086,79.53435426578984,69.25492994117457,2.8059701492537314,0.11473880597014925,31.298031120990792,0.32688948872657986,259,0.4733844077484916,0.2719412912318665,237.0,234.0,220.0,118.0,61.0,59.0,42.0,103.0,164.0,0.6228,0.2144,0.1628,0.007021408912882396,0.011098099925902402,0.005266883666772521,0.00023618609082248334,0.00010717688154969833,0.00023486291944532656,0.003686355456758759,0.002746242193288875,9.460675346670901e-05,3.4402455806076e-05,6.218905472636816e-05,0.0027449190219117183,0.06494125119085424,0.013972689742775483,0.0030366783105747856,0.0037908859955541442,0.023122419815814543,0.0016671959352175293,0.00476341695776437,0.00825658939345824,0.0025801841854557004,0.0008534455382661162,0.0003374087011749762,0.0004961892664337885,0.004227532550015878,0.0008534455382661162,0.008554302953318514,0.011511590981263893,0.015977507457137108,0.2958054542541504,0.37871208786964417,0.14145685732364655,0.1096717119216919,0.4276716709136963,0.20696641504764557,0.09982583671808243,1.4431629180908203,0.18219858407974243,0.43520885705947876,1.8465007543563843,0.3007351756095886,0.0,0.6959690451622009,0.004948295187205076,0.03927028551697731,0.05365661159157753,0.625062882900238,1.419466257095337,0.20514842867851257,0.4363623559474945,0.08799784630537033,0.16375650465488434,0.375491738319397,0.012093929573893547,0.08288338035345078,0.39384424686431885,0.6150521039962769,0.5947527885437012,0.016595417633652687,0.2582957148551941,0.3273090124130249,0.0,1.2824777364730835,0.5866267085075378,0.46914517879486084,0.669234037399292,0.1590535193681717,0.004640708677470684,0.0016635899664834142,0.28414827585220337,0.04862165451049805,0.0,0.2364235371351242,0.00768298888579011,0.0,0.0,0.17818932235240936,0.43999555706977844,2.6057028770446777,0.08190968632698059,0.2602841854095459,0.28185975551605225,0.0,0.10803458839654922,0.0,0.28955551981925964,0.03553735092282295,0.7382206320762634,0.05087391287088394,0.10978440195322037,1.7115901708602905,0.7453994750976562,0
Muscle Milk Pro Series (Banana),4.59,"Dark silver and blue metallic bottle with aggressive, angular fonts.",4.1,48000,35,/Users/mohini.gangaram/Desktop/MLPostGrad/Sem3/MainProject/ProteinProductImages/9.jpeg,8,50.44539259259259,45.3533037037037,41.92679506172839,83.10650341212222,78.84311345612825,77.41634404302253,1.0,0.037017283950617284,18.163555555555554,0.1768888888888889,5,0.2671802469135802,0.13732759464514083,2.0,2.0,1.0,219.0,217.0,216.0,125.0,91.0,65.0,0.7294,0.1448,0.1258,0.028501069958847734,0.000671604938271605,0.00026008230452674895,5.333333333333334e-05,0.00010600823045267489,6.716049382716049e-05,0.00015209876543209876,0.0001705349794238683,0.001999670781893004,0.00014353909465020576,0.00019753086419753085,0.0010106995884773661,0.022617283950617285,0.008335802469135803,0.0007308641975308642,0.0016790123456790125,0.008908641975308641,0.0010074074074074074,0.0021333333333333334,0.005491358024691358,0.0008888888888888889,0.00037530864197530867,9.876543209876543e-05,0.00011851851851851852,0.0021728395061728395,0.0004740740740740741,0.003911111111111111,0.008790123456790123,0.31134888529777527,0.1103997454047203,0.07125517725944519,0.0531233586370945,0.9108434915542603,0.09661626070737839,0.06470024585723877,0.0536084808409214,0.12067918479442596,0.3434223234653473,1.233612060546875,0.3365921378135681,0.16085688769817352,0.0,0.03359517455101013,1.4769937992095947,0.0,0.44943228363990784,0.0247439406812191,0.046372249722480774,0.15420755743980408,0.006306419614702463,0.35175976157188416,0.16975989937782288,0.47457242012023926,0.0,0.024532804265618324,1.4024546146392822,0.0002790859725791961,1.731920838356018,0.03936373442411423,0.22451864182949066,0.10361179709434509,0.21301600337028503,1.2622441053390503,2.1317873001098633,0.4501308500766754,0.6913653016090393,0.42413127422332764,0.1455959528684616,0.02229432761669159,0.46489179134368896,0.0467558279633522,0.38808971643447876,0.5729149580001831,0.3315544128417969,0.17098559439182281,1.465061068534851,0.12182880192995071,1.0175554752349854,1.3106324672698975,0.8487271666526794,4.218394756317139,0.5383471846580505,0.47193923592567444,0.45528069138526917,0.0,0.0539841502904892,1.6867743730545044,0.6728909611701965,0.09059898555278778,0.23392891883850098,0.1179010272026062,0.0,0
Built Bar (Coconut Almond),2.99,"Small, matte black wrapper with a colorful product flavor image.",4.6,72000,27,/Users/mohini.gangaram/Desktop/MLPostGrad/Sem3/MainProject/ProteinProductImages/10.jpeg,9,109.44926419753087,172.43496296296297,215.473224691358,108.16911733205956,65.91504897438007,55.60760725222235,1.0,0.23105185185185184,37.037333333333336,0.25307654320987655,106,0.4528395061728395,0.273411116527547,18.0,144.0,228.0,236.0,237.0,238.0,38.0,58.0,84.0,0.4794,0.4002,0.1204,0.010529053497942387,0.0004958024691358025,0.0003252674897119341,0.00011917695473251028,0.00010600823045267489,0.00014024691358024692,0.015227654320987653,0.005187818930041152,0.0005623045267489712,7.703703703703704e-05,0.0003134156378600823,0.0002495473251028806,0.04578765432098766,0.018903703703703704,0.0010271604938271604,0.0020938271604938274,0.01902222222222222,0.0032395061728395062,0.0028444444444444446,0.010074074074074074,0.0012049382716049382,0.0002962962962962963,0.00017777777777777779,0.0003160493827160494,0.0033382716049382716,0.0005925925925925926,0.008553086419753086,0.009441975308641975,0.060598887503147125,1.1025089025497437,0.0,0.009901467710733414,0.15337005257606506,1.2854353189468384,1.6076054573059082,1.012484073638916,0.0,1.5085549354553223,1.3909401893615723,2.3114993572235107,0.0,0.329595148563385,0.8594009876251221,0.18587690591812134,0.0,0.1255350112915039,0.5326730608940125,0.8643547892570496,0.0,0.09568196535110474,0.0033152687828987837,0.026615779846906662,2.3240206241607666,0.16384603083133698,0.22316114604473114,0.0476718433201313,0.06390084326267242,0.0,0.0432298444211483,0.1572210192680359,0.0036565600894391537,0.34577882289886475,0.016061490401625633,0.005906289909034967,0.0,1.516099214553833,0.05145726725459099,0.8893207907676697,0.023035306483507156,0.03678866848349571,0.16893361508846283,0.4463895559310913,0.0,0.04346579313278198,0.04375239834189415,1.2417151927947998,0.4656006693840027,0.7393491864204407,0.0030609345994889736,0.039029866456985474,1.2916642427444458,0.18895494937896729,0.18170808255672455,1.5186697244644165,0.6555685997009277,0.6845003366470337,0.005200792104005814,0.03536985442042351,0.18578244745731354,0.2484358698129654,0.21320204436779022,0.3440847098827362,1
Atkins Meal Bar (Peanut Butter),2.49,Bright green and white packaging with a call-out for low net carbs.,3.9,91000,55,/Users/mohini.gangaram/Desktop/MLPostGrad/Sem3/MainProject/ProteinProductImages/11.jpeg,10,199.57657283950618,152.58243950617285,136.27863703703704,55.70514960177206,79.13408682454724,77.32361261331774,1.0,0.14986666666666668,51.53896296296296,0.3961283950617284,343,0.7041777777777778,0.30521379891249767,144.0,51.0,52.0,244.0,232.0,223.0,204.0,159.0,120.0,0.3328,0.3646,0.3026,0.011617448559670781,0.0115759670781893,0.001134485596707819,0.00011654320987654321,7.703703703703704e-05,3.687242798353909e-05,0.001206255144032922,0.00037596707818930047,7.57201646090535e-05,3.423868312757202e-05,0.0006446090534979424,0.0064381893004115225,0.07122962962962963,0.021076543209876543,0.0028641975308641974,0.0071111111111111115,0.01908148148148148,0.0018962962962962963,0.0066172839506172835,0.01522962962962963,0.0030617283950617282,0.0010469135802469137,0.0004938271604938272,0.000454320987654321,0.007150617283950617,0.0009679012345679012,0.013096296296296297,0.022439506172839505,0.08501943945884705,0.33446836471557617,3.232118606567383,0.0,0.1236286386847496,0.12465512007474899,0.3211347162723541,0.02040596306324005,0.297777384519577,0.43897727131843567,0.4809635579586029,0.8790903091430664,0.8320691585540771,0.5885424017906189,0.01453500147908926,0.20663902163505554,0.062098030000925064,0.0,0.0034009728115051985,1.0303736925125122,0.0032453974708914757,0.3543398380279541,1.7142704725265503,0.13449133932590485,0.11213084310293198,0.22358062863349915,0.03265593573451042,0.8697367906570435,0.29849904775619507,3.6644389629364014,0.0,0.0,0.8049642443656921,0.048190146684646606,0.5557894706726074,0.5496749877929688,0.2328469455242157,0.02244776114821434,0.13085058331489563,0.21488812565803528,0.0021166265942156315,0.4665129780769348,0.04769637808203697,0.04932732507586479,0.03176778927445412,0.24195565283298492,0.016048962250351906,0.06315721571445465,0.021796345710754395,0.05736532062292099,0.16243185102939606,0.28546229004859924,0.18562071025371552,0.09333581477403641,0.0,0.12143769860267639,0.0,0.099784716963768,0.22585226595401764,3.413022518157959,0.022574298083782196,0.0,0.452106237411499,0.034129273146390915,1
Evolve Plant-Based Shake (Double Chocolate),3.79,Green and earth-toned packaging with leaves and natural imagery.,4.5,58000,34,/Users/mohini.gangaram/Desktop/MLPostGrad/Sem3/MainProject/ProteinProductImages/12.jpeg,11,209.35213827160493,200.53892345679012,196.76726913580248,70.87496086524506,82.76589881075519,88.05453954856775,1.0,0.6721185185185186,15.927111111111111,0.16065185185185185,60,0.23689876543209876,0.14358414223940275,252.0,252.0,252.0,158.0,125.0,108.0,85.0,58.0,47.0,0.6938,0.0836,0.2226,0.031176954732510285,0.0004668312757201646,0.000345679012345679,0.00010205761316872428,1.646090534979424e-05,0.00014353909465020576,0.0001382716049382716,0.00017580246913580247,0.00019358024691358027,5.794238683127571e-05,0.000219917695473251,0.0002962962962962963,0.023407407407407408,0.006498765432098766,0.0007308641975308642,0.002034567901234568,0.010271604938271605,0.0009679012345679012,0.0022123456790123456,0.005590123456790124,0.0008691358024691358,0.0002567901234567901,0.00011851851851851852,0.0001580246913580247,0.0023703703703703703,0.00011851851851851852,0.0032987654320987656,0.0048,0.047988101840019226,0.7687429189682007,0.26066625118255615,0.02191096358001232,0.0,0.0,0.14806914329528809,0.25093796849250793,0.05760747194290161,1.1995488405227661,0.43890878558158875,1.783427357673645,0.20028634369373322,0.3164033591747284,0.0,1.0263519287109375,0.5539949536323547,0.022738290950655937,0.20377685129642487,0.08828528225421906,0.0,0.015573292039334774,0.7833800315856934,0.03804174065589905,0.010630955919623375,0.29460611939430237,0.008874922059476376,0.9438257217407227,0.5864741802215576,0.929966390132904,0.07256148755550385,0.0,0.5103945136070251,0.0,0.6134710907936096,0.6384490132331848,0.11985508352518082,1.8627643585205078,0.9199304580688477,1.3128546476364136,0.0,0.35922202467918396,0.0371444895863533,0.0,0.2007138580083847,0.015105894766747952,0.0,1.023433804512024,0.0,0.7908031940460205,0.716534435749054,1.2367254495620728,2.0080060958862305,0.008985745720565319,0.0,0.1182347983121872,0.10613307356834412,0.38647451996803284,0.5277045369148254,1.9272186756134033,0.08115916699171066,0.11499965190887451,0.5358221530914307,0.7113655209541321,0
One Protein Bar (Birthday Cake),2.69,White and rainbow-sprinkle themed wrapper.,4.3,82000,24,/Users/mohini.gangaram/Desktop/MLPostGrad/Sem3/MainProject/ProteinProductImages/13.jpeg,12,228.4687209876543,234.38216296296295,237.47192098765433,59.86809512767199,44.11114744877444,39.09382101047035,1.0,0.7090962962962963,16.178962962962963,0.11304691358024692,149,0.21125925925925926,0.11319395856937418,251.0,252.0,252.0,63.0,117.0,153.0,196.0,193.0,184.0,0.8168,0.1058,0.0774,0.023646419753086418,0.0012181069958847736,0.0005372839506172839,0.00017580246913580247,0.000219917695473251,0.0003022222222222222,0.004399012345679012,0.0008217283950617284,0.0007920987654320988,0.0003167078189300412,0.0003463374485596708,0.0005576954732510288,0.02425679012345679,0.004839506172839506,0.0007308641975308642,0.0015604938271604938,0.007130864197530864,0.0005925925925925926,0.0017185185185185185,0.002725925925925926,0.000691358024691358,0.0003358024691358025,5.925925925925926e-05,0.00017777777777777779,0.0017580246913580246,0.0002567901234567901,0.0021530864197530863,0.004246913580246914,0.10397514700889587,0.07493127137422562,0.0023727903608232737,0.0,0.3185209035873413,0.0321342758834362,0.0,0.01826358586549759,0.09654524177312851,0.040017686784267426,0.09169545769691467,0.20878498256206512,0.13021616637706757,0.0,0.1276390105485916,0.10144142061471939,0.0,0.2044975906610489,0.0,0.2253904938697815,0.0,0.16636496782302856,0.03538765758275986,0.0,1.297560691833496,0.038995563983917236,0.12477918714284897,2.1504154205322266,0.0,0.13117511570453644,0.027146432548761368,0.154640793800354,0.08929887413978577,0.058401525020599365,0.19685040414333344,1.6451495885849,0.19235193729400635,0.18074332177639008,0.0345158576965332,0.3147211968898773,0.01806347258388996,0.04586067795753479,0.5031982064247131,0.3196796476840973,0.043076466768980026,0.498954176902771,0.0,0.778369665145874,0.0,0.010273485444486141,0.20816102623939514,0.0,0.0,0.18356454372406006,0.01656038500368595,1.2409820556640625,0.0,0.0,0.0,0.07601484656333923,0.0,0.050088610500097275,0.09177179634571075,0.05193198099732399,1
GNC Total Lean Shake (Cookies & Cream),4.09,Yellow and black tub graphic with a measuring scoop icon.,4.0,41000,42,/Users/mohini.gangaram/Desktop/MLPostGrad/Sem3/MainProject/ProteinProductImages/14.jpeg,13,29.4272987654321,160.40501728395063,193.86204444444445,59.47074569519738,41.86114130220484,35.06469633061889,1.0,0.02405925925925926,24.218074074074075,0.2785185185185185,132,0.34903703703703703,0.25474230579858437,9.0,158.0,197.0,204.0,230.0,237.0,112.0,90.0,78.0,0.865,0.078,0.057,0.001497283950617284,0.0002521810699588478,0.00012246913580246915,7.11111111111111e-05,0.00010864197530864197,0.0005386008230452674,0.026224197530864194,0.004021069958847737,8.42798353909465e-05,6.320987654320988e-05,0.00025086419753086417,9.94238683127572e-05,0.04533333333333334,0.010528395061728394,0.0015604938271604938,0.0026469135802469138,0.01293827160493827,0.0008691358024691358,0.0030814814814814815,0.005945679012345679,0.0018765432098765433,0.000671604938271605,0.0003160493827160494,9.876543209876543e-05,0.0035555555555555557,0.0004740740740740741,0.0066172839506172835,0.007407407407407408,0.07881614565849304,1.1085041761398315,0.3914814293384552,0.08299502730369568,0.6576650738716125,0.17372453212738037,0.3116978704929352,0.03764772042632103,0.0,0.35259395837783813,0.7918541431427002,0.4808334708213806,0.0938834547996521,0.3544236719608307,1.033504605293274,0.1083456426858902,0.017594920471310616,0.0,0.017113281413912773,0.015417296439409256,0.7241722345352173,0.08903736621141434,0.05880429968237877,0.6083940267562866,2.585514545440674,0.4200344979763031,0.0,0.5345568656921387,0.4506487548351288,0.7010582089424133,0.051029663532972336,0.0,0.2138044834136963,2.033400297164917,0.039751969277858734,0.21991564333438873,0.3012894093990326,0.0,0.28176379203796387,0.02914249151945114,0.23875291645526886,0.0,0.01856951043009758,0.08192064613103867,0.9552001953125,0.001628520549274981,0.011288351379334927,3.4660756587982178,0.11705446243286133,0.0,0.022587988525629044,0.0232690442353487,1.3533456325531006,0.19069892168045044,0.07922880351543427,1.672702431678772,0.291020005941391,0.24477247893810272,0.14106757938861847,0.45281359553337097,0.0301259383559227,0.0037209391593933105,0.624997615814209,0.8944255113601685,0
Nature Valley Protein Bar (Oats & Honey),1.89,"Rustic, textured packaging showing real whole oats.",3.8,115000,60,/Users/mohini.gangaram/Desktop/MLPostGrad/Sem3/MainProject/ProteinProductImages/15.jpeg,14,208.48843643022053,191.1342249820874,123.04742854868243,70.71021401414089,55.66355174161148,71.81617819070966,1.1179245283018868,0.07809887747790781,46.753045139718175,0.34228962662208423,561,0.690430698192819,0.30896889528375987,211.0,166.0,58.0,246.0,228.0,180.0,45.0,104.0,48.0,0.3458,0.529,0.1252,0.0035911418942228593,0.021831462463179685,0.0028335058249077836,0.0012359684738476237,0.0028427938327627847,0.0005360507390600537,5.174747233500518e-05,1.592229918000159e-05,3.449831489000345e-05,1.7912586577501792e-05,8.160178329750815e-05,0.00026072764907252607,0.08084547408645809,0.02911790462542791,0.0022291218852002227,0.00549319321710055,0.02081840617785208,0.002129607515325213,0.005453387469150545,0.010588328954701059,0.0031446540880503146,0.0010946580686251094,0.0004975718493750497,0.0005572804713000557,0.006289308176100629,0.0012339781864501233,0.010031048483401002,0.017016957248626702,0.0,0.40406161546707153,0.9042236804962158,0.0,0.06405254453420639,0.04490305855870247,0.0,0.0800575464963913,0.18705613911151886,0.4454815089702606,0.5109071731567383,0.06466805934906006,2.296952486038208,0.0,0.0,0.15288253128528595,0.7017515301704407,0.07842311263084412,0.1574191451072693,0.2124011516571045,0.08803708106279373,0.6086294054985046,0.00451482692733407,0.3556211292743683,0.012793254107236862,0.15010465681552887,0.21036159992218018,1.7990716695785522,0.3298017084598541,7.946048259735107,0.03162413090467453,1.3917332887649536,0.036115262657403946,0.5753588676452637,0.6442481279373169,0.28692349791526794,0.04589029401540756,0.044674888253211975,0.009199225343763828,0.0,0.28951093554496765,1.4501478672027588,0.2867526710033417,0.0038485832046717405,0.5576047897338867,0.21505184471607208,0.2873445153236389,0.06262572109699249,0.005521117243915796,0.09479399770498276,0.22351771593093872,0.12041550874710083,0.0,0.16781464219093323,0.08971668034791946,0.31212466955184937,0.011363272555172443,0.33566930890083313,0.24186572432518005,2.7512879371643066,0.024813205003738403,0.011319690383970737,2.757652997970581,0.7234221696853638,1
Soylent Meal Replacement Drink (Cacao),4.99,"Minimalist, futuristic grey bottle with small, technical font.",4.2,35000,30,/Users/mohini.gangaram/Desktop/MLPostGrad/Sem3/MainProject/ProteinProductImages/16.jpeg,15,234.07243456790124,230.7703901234568,230.27514074074074,53.868792657429935,61.86862018224753,63.01210458898577,1.0,0.7901432098765432,7.39437037037037,0.07591111111111111,164,0.11448888888888889,0.1020693750915399,254.0,253.0,253.0,82.0,53.0,49.0,214.0,211.0,210.0,0.8322,0.0988,0.069,0.029986502057613166,0.00031275720164609055,0.0002587654320987654,8.691358024691359e-05,4.674897119341564e-05,9.744855967078189e-05,0.00034699588477366255,6.320987654320988e-05,7.440329218106996e-05,5.267489711934156e-05,0.0004793415637860082,0.0015275720164609052,0.013945679012345679,0.005195061728395062,0.0005530864197530864,0.0010864197530864198,0.0040296296296296295,0.0007111111111111111,0.0011259259259259258,0.004424691358024691,0.00035555555555555557,7.901234567901235e-05,3.950617283950617e-05,0.0001580246913580247,0.0006518518518518518,0.00017777777777777779,0.0009679012345679012,0.0022518518518518517,0.08760060369968414,0.05524832755327225,0.5551170706748962,0.0,1.930112361907959,0.0,0.03720812499523163,0.961803674697876,0.062190037220716476,0.3363308012485504,0.0,0.333782434463501,0.0,0.007068767677992582,0.0014365643728524446,1.6750749349594116,0.0020027232822030783,0.0,0.07002578675746918,1.1015207767486572,0.0,0.0025718382094055414,0.27866044640541077,0.013697556219995022,0.04103034734725952,0.015987316146492958,0.031290650367736816,0.3137412369251251,0.008909216150641441,1.7899247407913208,0.38516220450401306,0.09259903430938721,0.3912677764892578,0.2225341647863388,0.7683402299880981,0.5843080878257751,0.4848940074443817,0.6609362959861755,0.2547425925731659,0.2349018156528473,0.0914481058716774,0.0,0.3155798316001892,0.0,1.0983203649520874,0.1543174535036087,0.0,2.785212516784668,0.2619374990463257,0.0,0.0017284300411120057,0.07625997066497803,2.470881462097168,0.38573330640792847,0.0,0.0,0.9901682734489441,0.08751843869686127,0.0,0.8335872292518616,0.7416698932647705,0.011450611054897308,0.08681326359510422,0.32415029406547546,0
Aloha Organic Bar (Peanut Butter Chocolate Chip),3.19,Pastel-colored wrapper with a stylized sun and wave logo.,4.7,51000,37,/Users/mohini.gangaram/Desktop/MLPostGrad/Sem3/MainProject/ProteinProductImages/17.jpeg,16,245.17682962962962,219.8933135802469,198.2056098765432,23.06759879133783,50.22664774732397,82.54449021781775,1.0,0.6480197530864198,13.49925925925926,0.1627259259259259,37,0.23843950617283952,0.1240231393112202,236.0,149.0,78.0,252.0,252.0,252.0,126.0,123.0,89.0,0.2978,0.6778,0.0244,0.02973432098765432,0.0014742386831275722,0.00020148148148148147,7.57201646090535e-05,0.00010732510288065844,0.0002139917695473251,0.0009060082304526749,0.00028839506172839507,7.901234567901235e-05,2.3045267489711937e-05,0.00012707818930041153,0.00010271604938271605,0.022222222222222223,0.0058469135802469135,0.000691358024691358,0.001837037037037037,0.0069728395061728395,0.0005925925925925926,0.00185679012345679,0.004266666666666667,0.0006320987654320988,0.0002765432098765432,0.00011851851851851852,7.901234567901235e-05,0.0021925925925925928,0.0002567901234567901,0.0035753086419753085,0.005353086419753086,0.016778547316789627,0.22220253944396973,0.0007229739567264915,0.18088345229625702,0.5156922340393066,0.5020982623100281,0.28368431329727173,0.12243309617042542,0.9166992902755737,0.31700292229652405,0.04579763859510422,0.12416792660951614,0.1557595580816269,0.006873434875160456,0.0007847255328670144,0.38238397240638733,0.0,0.18189465999603271,0.0,0.12289261072874069,0.019745638594031334,0.0,0.037806421518325806,0.0,0.10324618220329285,0.026116564869880676,0.017082378268241882,2.689763307571411,0.0,1.2342770099639893,0.30324527621269226,0.5866164565086365,0.0037291415501385927,0.0,0.12447579950094223,0.4890430271625519,0.06848784536123276,0.0,0.013731333427131176,1.031837821006775,0.022473303601145744,0.042731765657663345,0.0,0.031117822974920273,0.01725628972053528,0.0,0.0,0.1017569750547409,0.0,0.4381946623325348,0.7244889140129089,0.12251894921064377,0.0600166916847229,0.09276096522808075,0.00381393451243639,0.08591527491807938,0.0,0.09155155718326569,0.0,0.11613664031028748,0.00864070001989603,0.0,0.3942383825778961,0.0,0
Combat Crunch Bar (Cinnamon Swirl),2.89,Camouflage or military-themed wrapper with bold red and black text.,4.4,67000,26,/Users/mohini.gangaram/Desktop/MLPostGrad/Sem3/MainProject/ProteinProductImages/18.jpeg,17,182.99643738555847,174.53047130005572,156.26190191863705,62.05338386978866,60.486154790601404,65.78807844040163,1.1179245283018868,0.0028859167263752886,29.649510389300215,0.28047130005572807,431,0.5313271236366531,0.29655609831841806,170.0,150.0,113.0,40.0,39.0,26.0,216.0,210.0,197.0,0.2232,0.1272,0.6496,0.003248149032720325,0.012854602871321286,0.014723482737573972,0.0012306610407876231,0.0003058408300825306,0.00014927155481251491,8.558235809250855e-05,0.00017381843271501736,0.00023020990897752302,8.956293288750896e-05,7.165034631000717e-05,0.00017050128705251705,0.04517952392325452,0.013255314067351325,0.0017315500358251732,0.004975718493750498,0.01592229918000159,0.0011742695645251173,0.005592707586975559,0.01669851126502667,0.0014330069262001434,0.0006169890932250616,5.970862192500597e-05,0.00035825173155003585,0.005254358729400526,0.0006766977151500677,0.008020858211925802,0.03383488575750338,0.17085206508636475,0.7463954091072083,2.3841798305511475,0.025434769690036774,0.33163174986839294,0.4466348886489868,0.02894234098494053,1.0259536504745483,0.7639968395233154,0.05383823812007904,0.3730040490627289,0.13614580035209656,0.8181347846984863,0.42692309617996216,0.04539350047707558,0.21762752532958984,0.0,0.005697401240468025,0.18953745067119598,0.051698070019483566,0.8464053273200989,0.18526774644851685,0.6793533563613892,0.12055148184299469,0.069577157497406,0.9935188889503479,0.43582621216773987,1.972434401512146,0.011142781935632229,0.43630000948905945,0.4774865210056305,1.6285583972930908,0.36129331588745117,0.14452868700027466,2.4492099285125732,0.36135342717170715,0.3431991934776306,0.3952759802341461,0.18353275954723358,0.03777667507529259,0.4651491940021515,0.0,0.0,0.08831601589918137,0.8204576373100281,0.22459201514720917,0.315971702337265,0.27926042675971985,0.24351611733436584,0.6192936897277832,0.610517680644989,0.14863166213035583,0.6549160480499268,0.813300371170044,0.4486587345600128,0.0,0.05315019562840462,0.4981110095977783,0.4841928780078888,0.002398004289716482,0.22006189823150635,0.1299169361591339,0.04498618096113205,0.01750863902270794,0
Kate Farms Komplete Shake (Coffee),4.29,"Clean, white medical-grade packaging with a purple logo.",4.8,29000,65,/Users/mohini.gangaram/Desktop/MLPostGrad/Sem3/MainProject/ProteinProductImages/19.jpeg,18,237.5694814814815,235.14494814814816,232.88815802469136,36.58393085789291,42.67001152872487,46.06732094743293,1.0,0.6705382716049383,16.158814814814814,0.1330962962962963,301,0.24381234567901233,0.14362557669777495,106.0,80.0,67.0,251.0,251.0,250.0,204.0,198.0,191.0,0.053,0.7924,0.1546,0.027368559670781892,0.0010712757201646092,0.0024638683127572018,0.00029300411522633745,0.00021728395061728395,0.0010772016460905349,0.00010008230452674897,0.00017119341563786008,0.00018304526748971195,2.2386831275720163e-05,7.440329218106996e-05,0.0002910288065843621,0.024612345679012347,0.005669135802469136,0.0008098765432098766,0.0017777777777777779,0.008612345679012345,0.0006123456790123457,0.0016987654320987655,0.005787654320987655,0.0007506172839506173,0.0002567901234567901,0.0001580246913580247,0.00017777777777777779,0.0017777777777777779,0.0002962962962962963,0.003180246913580247,0.008928395061728395,0.10330349951982498,1.1279798746109009,0.8135175108909607,0.25539568066596985,0.0,0.009442479349672794,0.014605221338570118,0.14247289299964905,0.14331328868865967,0.233180433511734,0.052231140434741974,0.44296032190322876,0.06837502121925354,0.0,0.0,0.3180018961429596,0.037352681159973145,1.068693995475769,0.006883806083351374,0.09837004542350769,0.4572770893573761,0.0371510274708271,0.0007463699439540505,0.05897338688373566,0.17840686440467834,0.03628906235098839,0.2781967222690582,0.8291744589805603,0.43051818013191223,0.30234745144844055,0.054466042667627335,0.018664631992578506,0.0,0.5003004670143127,0.8069879412651062,1.3648909330368042,0.0016388552030548453,0.0,0.043243397027254105,0.7936429381370544,0.10826494544744492,0.0,0.06669241189956665,0.010146678425371647,0.701801598072052,0.27963194251060486,0.3350936472415924,2.012080669403076,0.0,0.2786138653755188,0.9002730846405029,0.011072724126279354,0.6012773513793945,0.21731838583946228,0.0,0.35409125685691833,0.9608610272407532,0.8607506155967712,0.2971224784851074,1.3531839847564697,0.1596604436635971,0.0,0.544935405254364,0.45888444781303406,0
No Cow Dipped Bar (Sticky Sweet S'mores),3.09,"Bright, playful packaging with a cartoon cow and a ""dairy-free"" seal.",4.1,44000,21,/Users/mohini.gangaram/Desktop/MLPostGrad/Sem3/MainProject/ProteinProductImages/20.jpeg,19,131.94877204155554,110.78454006289058,93.11429765553477,49.505393499856844,50.296363938413315,54.60906804034554,1.3350515463917525,0.0022688373203837123,22.34536082474227,0.3984794809537078,385,0.6735262508458385,0.3029048560344196,142.0,115.0,96.0,202.0,190.0,182.0,83.0,62.0,43.0,0.4326,0.2012,0.3662,0.009097241571468377,0.019228064588889333,0.0006620759198078786,0.0002759755337074925,0.0003217503217503218,0.0010130159614695697,0.0009599437434488981,0.0004033488569571044,0.00012538311507383673,0.00010150061696453449,0.00013533415595271266,0.0010096989478432777,0.038371213628945584,0.023424750228873942,0.0014727540500736377,0.006149743263145325,0.008597699319348805,0.0007363770250368188,0.005194443338773236,0.018130796481311946,0.002189228993352705,0.0004776499621860447,0.00013931457230426304,0.0003582374716395335,0.00599052660908331,0.000995104087887593,0.015424113362257692,0.052680810412769175,0.00754183903336525,0.48634666204452515,0.07938006520271301,0.06193642318248749,0.1586487889289856,1.8336923122406006,0.7081389427185059,0.9550272226333618,0.9964340329170227,0.24831841886043549,0.061728138476610184,0.7273791432380676,0.21284528076648712,0.31736448407173157,0.1840205043554306,0.29615768790245056,0.1826479136943817,0.4925347864627838,0.8402681946754456,0.6201252341270447,0.016101049259305,0.12513351440429688,0.0705980733036995,0.6010540723800659,0.04451931640505791,0.007936432026326656,0.0,0.5559292435646057,0.027233920991420746,1.1314691305160522,0.44810566306114197,0.2667953670024872,0.5167142748832703,0.34348440170288086,1.1763349771499634,0.8783485293388367,2.463987350463867,0.523676335811615,0.16206994652748108,0.20131923258304596,0.17108604311943054,0.6703158020973206,0.22041624784469604,0.9830467104911804,0.38944992423057556,0.926457941532135,0.24205723404884338,0.11678390204906464,0.02242126688361168,0.8023935556411743,0.15225517749786377,2.5363516807556152,0.7300974130630493,0.9671855568885803,0.2621041238307953,0.0,0.264737069606781,2.311086893081665,0.24980804324150085,1.373680591583252,0.23960845172405243,0.5104819536209106,3.202662944793701,0.4467765986919403,0
